-- phpMyAdmin SQL Dump
-- version 5.2.1
-- https://www.phpmyadmin.net/
--
-- Host: 127.0.0.1
-- Generation Time: Dec 07, 2025 at 01:30 PM
-- Server version: 10.4.28-MariaDB
-- PHP Version: 8.2.4

SET SQL_MODE = "NO_AUTO_VALUE_ON_ZERO";
START TRANSACTION;
SET time_zone = "+00:00";


/*!40101 SET @OLD_CHARACTER_SET_CLIENT=@@CHARACTER_SET_CLIENT */;
/*!40101 SET @OLD_CHARACTER_SET_RESULTS=@@CHARACTER_SET_RESULTS */;
/*!40101 SET @OLD_COLLATION_CONNECTION=@@COLLATION_CONNECTION */;
/*!40101 SET NAMES utf8mb4 */;

--
-- Database: `agoda-flight`
--

-- --------------------------------------------------------

--
-- Table structure for table `airlines`
--

CREATE TABLE `airlines` (
  `id` bigint(20) UNSIGNED NOT NULL,
  `code` varchar(255) NOT NULL,
  `name` varchar(255) NOT NULL,
  `logo` varchar(255) DEFAULT NULL,
  `created_at` timestamp NULL DEFAULT NULL,
  `updated_at` timestamp NULL DEFAULT NULL
) ENGINE=InnoDB DEFAULT CHARSET=utf8mb4 COLLATE=utf8mb4_unicode_ci;

--
-- Dumping data for table `airlines`
--

INSERT INTO `airlines` (`id`, `code`, `name`, `logo`, `created_at`, `updated_at`) VALUES
(1, 'GA', 'Garuda Indonesia', 'airlines/yGSNIrksISDQTRLkoZ0zjdqY87mqqMs5I9HgfQx3.png', '2025-12-06 02:31:09', '2025-12-06 02:31:09'),
(2, 'JT', 'Lion Air', 'airlines/AvPCfSYbzaYU7WD6efTaNgALGd6u5XTUtgxfDF6o.png', '2025-12-07 01:03:23', '2025-12-07 01:03:23'),
(3, 'QZ', 'Indonesia AirAsia', 'airlines/o43hCDDsSirEHrI5DRbvFcgBJMVLWjWZfxffNDfv.png', '2025-12-07 01:04:38', '2025-12-07 01:04:38'),
(4, 'QG', 'Citilink', 'airlines/xcaCnHsSqBBK5TligwFoMrqTTwZB1uLIOc0B7hUn.png', '2025-12-07 01:06:11', '2025-12-07 01:06:11'),
(5, 'BT', 'Batik Air', 'airlines/VHuzubzQQBVtIXKH7HG2OJCVgMukmbmqMmJFfcI5.png', '2025-12-07 01:08:50', '2025-12-07 01:08:50'),
(6, 'PK', 'Pelita Air', 'airlines/CZsKGUdRRkGZOOnw0rd6bgb6Vu46Mx27xOL8PPJR.png', '2025-12-07 01:09:37', '2025-12-07 01:09:37'),
(7, 'SQ', 'Singapore Airlines', 'airlines/TUsmRUWT08OGmcQzrg1SezlNzlEDyGquvDPSJi1t.png', '2025-12-07 01:10:45', '2025-12-07 01:10:45');

-- --------------------------------------------------------

--
-- Table structure for table `airports`
--

CREATE TABLE `airports` (
  `id` bigint(20) UNSIGNED NOT NULL,
  `iata_code` varchar(255) NOT NULL,
  `name` varchar(255) NOT NULL,
  `city` varchar(255) NOT NULL,
  `country` varchar(255) NOT NULL,
  `created_at` timestamp NULL DEFAULT NULL,
  `updated_at` timestamp NULL DEFAULT NULL
) ENGINE=InnoDB DEFAULT CHARSET=utf8mb4 COLLATE=utf8mb4_unicode_ci;

--
-- Dumping data for table `airports`
--

INSERT INTO `airports` (`id`, `iata_code`, `name`, `city`, `country`, `created_at`, `updated_at`) VALUES
(1, 'CGK', 'Soekarno Hatta International Airport', 'Jakarta', 'Indonesia', '2025-12-06 02:18:46', '2025-12-06 02:18:46'),
(2, 'DPS', 'I Gusti Ngurah Rai International Airport', 'Denpasar', 'Indonesia', '2025-12-06 02:20:06', '2025-12-06 02:20:06'),
(3, 'SUB', 'Juanda International Airport', 'Surabaya', 'Indonesia', '2025-12-07 00:55:04', '2025-12-07 00:55:04'),
(4, 'HLP', 'Halim Perdanakusuma International Airport', 'Jakarta', 'Indonesia', '2025-12-07 07:58:30', '2025-12-07 07:58:30'),
(5, 'BDO', 'Kertajati International Airport', 'Bandung', 'Indonesia', '2025-12-07 07:58:30', '2025-12-07 07:58:30'),
(6, 'JOG', 'Yogyakarta International Airport', 'Yogyakarta', 'Indonesia', '2025-12-07 07:58:30', '2025-12-07 07:58:30'),
(7, 'SOC', 'Adisumarmo International Airport', 'Solo', 'Indonesia', '2025-12-07 07:58:30', '2025-12-07 07:58:30'),
(8, 'SRG', 'Jenderal Ahmad Yani International Airport', 'Semarang', 'Indonesia', '2025-12-07 07:58:30', '2025-12-07 07:58:30'),
(9, 'KNO', 'Kualanamu International Airport', 'Medan', 'Indonesia', '2025-12-07 07:58:30', '2025-12-07 07:58:30'),
(10, 'BTJ', 'Sultan Iskandar Muda International Airport', 'Banda Aceh', 'Indonesia', '2025-12-07 07:58:30', '2025-12-07 07:58:30'),
(11, 'PDG', 'Minangkabau International Airport', 'Padang', 'Indonesia', '2025-12-07 07:58:30', '2025-12-07 07:58:30'),
(12, 'PKU', 'Sultan Syarif Kasim II International Airport', 'Pekanbaru', 'Indonesia', '2025-12-07 07:58:30', '2025-12-07 07:58:30'),
(13, 'BTH', 'Hang Nadim International Airport', 'Batam', 'Indonesia', '2025-12-07 07:58:30', '2025-12-07 07:58:30'),
(14, 'PLM', 'Sultan Mahmud Badaruddin II International Airport', 'Palembang', 'Indonesia', '2025-12-07 07:58:30', '2025-12-07 07:58:30'),
(15, 'BKS', 'Fatmawati Soekarno Airport', 'Bengkulu', 'Indonesia', '2025-12-07 07:58:30', '2025-12-07 07:58:30'),
(16, 'PGK', 'Depati Amir Airport', 'Pangkal Pinang', 'Indonesia', '2025-12-07 07:58:30', '2025-12-07 07:58:30'),
(17, 'DJB', 'Sultan Thaha Airport', 'Jambi', 'Indonesia', '2025-12-07 07:58:30', '2025-12-07 07:58:30'),
(18, 'TKG', 'Radin Inten II International Airport', 'Bandar Lampung', 'Indonesia', '2025-12-07 07:58:30', '2025-12-07 07:58:30'),
(19, 'UPG', 'Sultan Hasanuddin International Airport', 'Makassar', 'Indonesia', '2025-12-07 07:58:30', '2025-12-07 07:58:30'),
(20, 'BDJ', 'Syamsudin Noor International Airport', 'Banjarmasin', 'Indonesia', '2025-12-07 07:58:30', '2025-12-07 07:58:30'),
(21, 'BPN', 'Sultan Aji Muhammad Sulaiman Sepinggan International Airport', 'Balikpapan', 'Indonesia', '2025-12-07 07:58:30', '2025-12-07 07:58:30'),
(22, 'PNK', 'Supadio International Airport', 'Pontianak', 'Indonesia', '2025-12-07 07:58:30', '2025-12-07 07:58:30'),
(23, 'TRK', 'Juwata International Airport', 'Tarakan', 'Indonesia', '2025-12-07 07:58:30', '2025-12-07 07:58:30'),
(24, 'MDC', 'Sam Ratulangi International Airport', 'Manado', 'Indonesia', '2025-12-07 07:58:30', '2025-12-07 07:58:30'),
(25, 'AMQ', 'Pattimura International Airport', 'Ambon', 'Indonesia', '2025-12-07 07:58:30', '2025-12-07 07:58:30'),
(26, 'DJJ', 'Sentani International Airport', 'Jayapura', 'Indonesia', '2025-12-07 07:58:30', '2025-12-07 07:58:30'),
(27, 'BIK', 'Frans Kaisiepo Airport', 'Biak', 'Indonesia', '2025-12-07 07:58:30', '2025-12-07 07:58:30'),
(28, 'SOQ', 'Dominique Edward Osok Airport', 'Sorong', 'Indonesia', '2025-12-07 07:58:30', '2025-12-07 07:58:30'),
(29, 'TIM', 'Mozes Kilangin Airport', 'Timika', 'Indonesia', '2025-12-07 07:58:30', '2025-12-07 07:58:30'),
(30, 'KDI', 'Haluoleo Airport', 'Kendari', 'Indonesia', '2025-12-07 07:58:30', '2025-12-07 07:58:30'),
(31, 'KOE', 'El Tari International Airport', 'Kupang', 'Indonesia', '2025-12-07 07:58:30', '2025-12-07 07:58:30'),
(32, 'LOP', 'Zainuddin Abdul Madjid International Airport', 'Lombok', 'Indonesia', '2025-12-07 07:58:30', '2025-12-07 07:58:30'),
(33, 'LBJ', 'Komodo International Airport', 'Labuan Bajo', 'Indonesia', '2025-12-07 07:58:30', '2025-12-07 07:58:30'),
(34, 'MLG', 'Abdul Rachman Saleh Airport', 'Malang', 'Indonesia', '2025-12-07 07:58:30', '2025-12-07 07:58:30'),
(35, 'TJQ', 'H.A.S. Hanandjoeddin International Airport', 'Tanjung Pandan', 'Indonesia', '2025-12-07 07:58:30', '2025-12-07 07:58:30'),
(36, 'MKW', 'Rendani Airport', 'Manokwari', 'Indonesia', '2025-12-07 07:58:30', '2025-12-07 07:58:30'),
(37, 'WMX', 'Wamena Airport', 'Wamena', 'Indonesia', '2025-12-07 07:58:30', '2025-12-07 07:58:30');

-- --------------------------------------------------------

--
-- Table structure for table `bookings`
--

CREATE TABLE `bookings` (
  `id` bigint(20) UNSIGNED NOT NULL,
  `booking_code` varchar(255) NOT NULL,
  `user_id` bigint(20) UNSIGNED NOT NULL,
  `flight_id` bigint(20) UNSIGNED NOT NULL,
  `total_passengers` int(11) NOT NULL,
  `total_amount` decimal(15,2) NOT NULL,
  `status` enum('pending','paid','cancelled','failed') NOT NULL DEFAULT 'pending',
  `snap_token` varchar(255) DEFAULT NULL,
  `created_at` timestamp NULL DEFAULT NULL,
  `updated_at` timestamp NULL DEFAULT NULL
) ENGINE=InnoDB DEFAULT CHARSET=utf8mb4 COLLATE=utf8mb4_unicode_ci;

-- --------------------------------------------------------

--
-- Table structure for table `cache`
--

CREATE TABLE `cache` (
  `key` varchar(255) NOT NULL,
  `value` mediumtext NOT NULL,
  `expiration` int(11) NOT NULL
) ENGINE=InnoDB DEFAULT CHARSET=utf8mb4 COLLATE=utf8mb4_unicode_ci;

-- --------------------------------------------------------

--
-- Table structure for table `cache_locks`
--

CREATE TABLE `cache_locks` (
  `key` varchar(255) NOT NULL,
  `owner` varchar(255) NOT NULL,
  `expiration` int(11) NOT NULL
) ENGINE=InnoDB DEFAULT CHARSET=utf8mb4 COLLATE=utf8mb4_unicode_ci;

-- --------------------------------------------------------

--
-- Table structure for table `failed_jobs`
--

CREATE TABLE `failed_jobs` (
  `id` bigint(20) UNSIGNED NOT NULL,
  `uuid` varchar(255) NOT NULL,
  `connection` text NOT NULL,
  `queue` text NOT NULL,
  `payload` longtext NOT NULL,
  `exception` longtext NOT NULL,
  `failed_at` timestamp NOT NULL DEFAULT current_timestamp()
) ENGINE=InnoDB DEFAULT CHARSET=utf8mb4 COLLATE=utf8mb4_unicode_ci;

-- --------------------------------------------------------

--
-- Table structure for table `flights`
--

CREATE TABLE `flights` (
  `id` bigint(20) UNSIGNED NOT NULL,
  `flight_number` varchar(255) NOT NULL,
  `airline_id` bigint(20) UNSIGNED NOT NULL,
  `origin_airport_id` bigint(20) UNSIGNED NOT NULL,
  `destination_airport_id` bigint(20) UNSIGNED NOT NULL,
  `departure_time` datetime NOT NULL,
  `arrival_time` datetime NOT NULL,
  `price` decimal(15,2) NOT NULL,
  `class` enum('economy','business','first') NOT NULL DEFAULT 'economy',
  `available_seats` int(11) NOT NULL DEFAULT 0,
  `created_at` timestamp NULL DEFAULT NULL,
  `updated_at` timestamp NULL DEFAULT NULL
) ENGINE=InnoDB DEFAULT CHARSET=utf8mb4 COLLATE=utf8mb4_unicode_ci;

--
-- Dumping data for table `flights`
--

INSERT INTO `flights` (`id`, `flight_number`, `airline_id`, `origin_airport_id`, `destination_airport_id`, `departure_time`, `arrival_time`, `price`, `class`, `available_seats`, `created_at`, `updated_at`) VALUES
(1, 'GA-123', 1, 1, 2, '2025-12-10 15:00:00', '2025-12-10 17:50:00', 2200000.00, 'economy', 180, '2025-12-06 02:33:17', '2025-12-06 02:33:17'),
(2, 'GA-307', 1, 1, 32, '2025-12-18 06:40:00', '2025-12-18 08:25:00', 1820000.00, 'economy', 180, '2025-12-07 08:48:16', '2025-12-07 08:48:16'),
(3, 'JT-774', 2, 1, 19, '2025-12-18 07:25:00', '2025-12-18 09:20:00', 1520000.00, 'economy', 178, '2025-12-07 08:48:16', '2025-12-07 08:48:16'),
(4, 'QZ-7650', 3, 1, 2, '2025-12-18 08:50:00', '2025-12-18 10:40:00', 1950000.00, 'economy', 180, '2025-12-07 08:48:16', '2025-12-07 08:48:16'),
(5, 'QG-112', 4, 1, 3, '2025-12-18 10:10:00', '2025-12-18 11:55:00', 1650000.00, 'economy', 165, '2025-12-07 08:48:16', '2025-12-07 08:48:16'),
(6, 'BT-889', 5, 1, 21, '2025-12-18 11:35:00', '2025-12-18 14:00:00', 2250000.00, 'business', 150, '2025-12-07 08:48:16', '2025-12-07 08:48:16'),
(7, 'PK-445', 6, 1, 9, '2025-12-18 13:05:00', '2025-12-18 15:15:00', 2080000.00, 'economy', 170, '2025-12-07 08:48:16', '2025-12-07 08:48:16'),
(8, 'SQ-970', 7, 1, 32, '2025-12-18 14:30:00', '2025-12-18 16:15:00', 4100000.00, 'business', 140, '2025-12-07 08:48:16', '2025-12-07 08:48:16'),
(9, 'GA-556', 1, 19, 1, '2025-12-18 16:55:00', '2025-12-18 18:50:00', 1750000.00, 'economy', 175, '2025-12-07 08:48:16', '2025-12-07 08:48:16'),
(10, 'JT-223', 2, 32, 1, '2025-12-18 18:10:00', '2025-12-18 19:55:00', 1450000.00, 'economy', 180, '2025-12-07 08:48:16', '2025-12-07 08:48:16'),
(11, 'QZ-7660', 3, 2, 1, '2025-12-18 19:25:00', '2025-12-18 21:15:00', 1920000.00, 'economy', 180, '2025-12-07 08:48:16', '2025-12-07 08:48:16'),
(12, 'QG-778', 4, 3, 1, '2025-12-18 20:40:00', '2025-12-18 22:25:00', 1580000.00, 'economy', 168, '2025-12-07 08:48:16', '2025-12-07 08:48:16'),
(13, 'BT-334', 5, 9, 1, '2025-12-18 21:55:00', '2025-12-19 00:05:00', 1980000.00, 'business', 155, '2025-12-07 08:48:16', '2025-12-07 08:48:16'),
(14, 'PK-667', 6, 21, 1, '2025-12-18 23:10:00', '2025-12-19 01:35:00', 2180000.00, 'economy', 172, '2025-12-07 08:48:16', '2025-12-07 08:48:16'),
(15, 'SQ-971', 7, 32, 1, '2025-12-19 00:20:00', '2025-12-19 02:05:00', 4400000.00, 'first', 125, '2025-12-07 08:48:16', '2025-12-07 08:48:16'),
(16, 'GA-410', 1, 1, 19, '2025-12-19 06:10:00', '2025-12-19 08:05:00', 1780000.00, 'economy', 180, '2025-12-07 08:48:16', '2025-12-07 08:48:16'),
(17, 'JT-558', 2, 1, 2, '2025-12-19 07:00:00', '2025-12-19 08:50:00', 1880000.00, 'economy', 178, '2025-12-07 08:48:16', '2025-12-07 08:48:16'),
(18, 'QZ-7540', 3, 1, 32, '2025-12-19 08:20:00', '2025-12-19 10:05:00', 1520000.00, 'economy', 180, '2025-12-07 08:48:16', '2025-12-07 08:48:16'),
(19, 'QG-889', 4, 1, 21, '2025-12-19 09:40:00', '2025-12-19 12:05:00', 2250000.00, 'business', 165, '2025-12-07 08:48:16', '2025-12-07 08:48:16'),
(20, 'BT-223', 5, 1, 3, '2025-12-19 11:00:00', '2025-12-19 12:45:00', 1650000.00, 'economy', 170, '2025-12-07 08:48:16', '2025-12-07 08:48:16'),
(21, 'PK-112', 6, 1, 9, '2025-12-19 12:50:00', '2025-12-19 15:00:00', 2080000.00, 'economy', 168, '2025-12-07 08:48:16', '2025-12-07 08:48:16'),
(22, 'SQ-972', 7, 1, 19, '2025-12-19 14:20:00', '2025-12-19 16:15:00', 3950000.00, 'business', 135, '2025-12-07 08:48:16', '2025-12-07 08:48:16'),
(23, 'GA-889', 1, 32, 1, '2025-12-19 17:10:00', '2025-12-19 18:55:00', 1480000.00, 'economy', 175, '2025-12-07 08:48:16', '2025-12-07 08:48:16'),
(24, 'JT-445', 2, 19, 1, '2025-12-19 18:30:00', '2025-12-19 20:25:00', 1550000.00, 'economy', 180, '2025-12-07 08:48:16', '2025-12-07 08:48:16'),
(25, 'QZ-7670', 3, 2, 1, '2025-12-19 19:45:00', '2025-12-19 21:35:00', 1950000.00, 'economy', 180, '2025-12-07 08:48:16', '2025-12-07 08:48:16'),
(26, 'QG-334', 4, 21, 1, '2025-12-19 21:00:00', '2025-12-19 23:25:00', 2200000.00, 'business', 160, '2025-12-07 08:48:16', '2025-12-07 08:48:16'),
(27, 'BT-556', 5, 3, 1, '2025-12-19 22:15:00', '2025-12-20 00:00:00', 1620000.00, 'economy', 168, '2025-12-07 08:48:16', '2025-12-07 08:48:16'),
(28, 'PK-778', 6, 9, 1, '2025-12-19 23:30:00', '2025-12-20 01:40:00', 2050000.00, 'economy', 172, '2025-12-07 08:48:16', '2025-12-07 08:48:16'),
(29, 'SQ-973', 7, 19, 1, '2025-12-20 00:45:00', '2025-12-20 02:40:00', 4200000.00, 'first', 120, '2025-12-07 08:48:16', '2025-12-07 08:48:16'),
(30, 'GA-513', 1, 1, 32, '2025-12-20 06:30:00', '2025-12-20 08:15:00', 1820000.00, 'economy', 180, '2025-12-07 08:48:16', '2025-12-07 08:48:16'),
(31, 'JT-667', 2, 1, 3, '2025-12-20 07:15:00', '2025-12-20 09:00:00', 1580000.00, 'economy', 178, '2025-12-07 08:48:16', '2025-12-07 08:48:16'),
(32, 'QZ-7680', 3, 1, 19, '2025-12-20 08:40:00', '2025-12-20 10:35:00', 1520000.00, 'economy', 180, '2025-12-07 08:48:16', '2025-12-07 08:48:16'),
(33, 'QG-223', 4, 1, 2, '2025-12-20 10:00:00', '2025-12-20 11:50:00', 1880000.00, 'economy', 165, '2025-12-07 08:48:16', '2025-12-07 08:48:16'),
(34, 'BT-445', 5, 1, 21, '2025-12-20 11:25:00', '2025-12-20 13:50:00', 2250000.00, 'business', 150, '2025-12-07 08:48:16', '2025-12-07 08:48:16'),
(35, 'PK-556', 6, 1, 9, '2025-12-20 12:55:00', '2025-12-20 15:05:00', 2050000.00, 'economy', 170, '2025-12-07 08:48:16', '2025-12-07 08:48:16'),
(36, 'SQ-974', 7, 1, 32, '2025-12-20 14:15:00', '2025-12-20 16:00:00', 4100000.00, 'business', 140, '2025-12-07 08:48:16', '2025-12-07 08:48:16'),
(37, 'GA-334', 1, 19, 1, '2025-12-20 16:45:00', '2025-12-20 18:40:00', 1750000.00, 'economy', 175, '2025-12-07 08:48:16', '2025-12-07 08:48:16'),
(38, 'JT-778', 2, 32, 1, '2025-12-20 18:00:00', '2025-12-20 19:45:00', 1450000.00, 'economy', 180, '2025-12-07 08:48:16', '2025-12-07 08:48:16'),
(39, 'QZ-7690', 3, 2, 1, '2025-12-20 19:15:00', '2025-12-20 21:05:00', 1920000.00, 'economy', 180, '2025-12-07 08:48:16', '2025-12-07 08:48:16'),
(40, 'QG-889', 4, 3, 1, '2025-12-20 20:30:00', '2025-12-20 22:15:00', 1580000.00, 'economy', 168, '2025-12-07 08:48:16', '2025-12-07 08:48:16'),
(41, 'BT-667', 5, 9, 1, '2025-12-20 21:45:00', '2025-12-20 23:55:00', 1980000.00, 'business', 155, '2025-12-07 08:48:16', '2025-12-07 08:48:16'),
(42, 'PK-223', 6, 21, 1, '2025-12-20 23:00:00', '2025-12-21 01:25:00', 2180000.00, 'economy', 172, '2025-12-07 08:48:16', '2025-12-07 08:48:16'),
(43, 'SQ-975', 7, 32, 1, '2025-12-21 00:10:00', '2025-12-21 01:55:00', 4400000.00, 'first', 125, '2025-12-07 08:48:16', '2025-12-07 08:48:16'),
(44, 'GA-624', 1, 1, 19, '2025-12-21 06:20:00', '2025-12-21 08:15:00', 1780000.00, 'economy', 180, '2025-12-07 08:48:16', '2025-12-07 08:48:16'),
(45, 'JT-112', 2, 1, 2, '2025-12-21 07:10:00', '2025-12-21 09:00:00', 1880000.00, 'economy', 178, '2025-12-07 08:48:16', '2025-12-07 08:48:16'),
(46, 'QZ-7550', 3, 1, 32, '2025-12-21 08:30:00', '2025-12-21 10:15:00', 1520000.00, 'economy', 180, '2025-12-07 08:48:16', '2025-12-07 08:48:16'),
(47, 'QG-556', 4, 1, 21, '2025-12-21 09:50:00', '2025-12-21 12:15:00', 2250000.00, 'business', 165, '2025-12-07 08:48:16', '2025-12-07 08:48:16'),
(48, 'BT-778', 5, 1, 3, '2025-12-21 11:20:00', '2025-12-21 13:05:00', 1650000.00, 'economy', 170, '2025-12-07 08:48:16', '2025-12-07 08:48:16'),
(49, 'PK-889', 6, 1, 9, '2025-12-21 13:00:00', '2025-12-21 15:10:00', 2080000.00, 'economy', 168, '2025-12-07 08:48:16', '2025-12-07 08:48:16'),
(50, 'SQ-976', 7, 1, 19, '2025-12-21 14:45:00', '2025-12-21 16:40:00', 3950000.00, 'business', 135, '2025-12-07 08:48:16', '2025-12-07 08:48:16'),
(51, 'GA-223', 1, 32, 1, '2025-12-21 17:30:00', '2025-12-21 19:15:00', 1480000.00, 'economy', 175, '2025-12-07 08:48:16', '2025-12-07 08:48:16'),
(52, 'JT-334', 2, 19, 1, '2025-12-21 18:40:00', '2025-12-21 20:35:00', 1550000.00, 'economy', 180, '2025-12-07 08:48:16', '2025-12-07 08:48:16'),
(53, 'QZ-7700', 3, 2, 1, '2025-12-21 19:55:00', '2025-12-21 21:45:00', 1950000.00, 'economy', 180, '2025-12-07 08:48:16', '2025-12-07 08:48:16'),
(54, 'QG-445', 4, 21, 1, '2025-12-21 21:10:00', '2025-12-21 23:35:00', 2200000.00, 'business', 160, '2025-12-07 08:48:16', '2025-12-07 08:48:16'),
(55, 'BT-889', 5, 3, 1, '2025-12-21 22:30:00', '2025-12-22 00:15:00', 1620000.00, 'economy', 168, '2025-12-07 08:48:16', '2025-12-07 08:48:16'),
(56, 'PK-112', 6, 9, 1, '2025-12-21 23:45:00', '2025-12-22 01:55:00', 2050000.00, 'economy', 172, '2025-12-07 08:48:16', '2025-12-07 08:48:16'),
(57, 'SQ-977', 7, 19, 1, '2025-12-22 01:00:00', '2025-12-22 02:55:00', 4200000.00, 'first', 120, '2025-12-07 08:48:16', '2025-12-07 08:48:16'),
(58, 'GA-308', 1, 1, 32, '2025-12-22 06:40:00', '2025-12-22 08:25:00', 1820000.00, 'economy', 180, '2025-12-07 08:48:16', '2025-12-07 08:48:16'),
(59, 'JT-556', 2, 1, 19, '2025-12-22 07:25:00', '2025-12-22 09:20:00', 1520000.00, 'economy', 178, '2025-12-07 08:48:16', '2025-12-07 08:48:16'),
(60, 'QZ-7710', 3, 1, 2, '2025-12-22 08:50:00', '2025-12-22 10:40:00', 1950000.00, 'economy', 180, '2025-12-07 08:48:16', '2025-12-07 08:48:16'),
(61, 'QG-667', 4, 1, 3, '2025-12-22 10:10:00', '2025-12-22 11:55:00', 1650000.00, 'economy', 165, '2025-12-07 08:48:16', '2025-12-07 08:48:16'),
(62, 'BT-223', 5, 1, 21, '2025-12-22 11:35:00', '2025-12-22 14:00:00', 2250000.00, 'business', 150, '2025-12-07 08:48:16', '2025-12-07 08:48:16'),
(63, 'PK-334', 6, 1, 9, '2025-12-22 13:05:00', '2025-12-22 15:15:00', 2080000.00, 'economy', 170, '2025-12-07 08:48:16', '2025-12-07 08:48:16'),
(64, 'SQ-978', 7, 1, 32, '2025-12-22 14:30:00', '2025-12-22 16:15:00', 4100000.00, 'business', 140, '2025-12-07 08:48:16', '2025-12-07 08:48:16'),
(65, 'GA-445', 1, 19, 1, '2025-12-22 16:55:00', '2025-12-22 18:50:00', 1750000.00, 'economy', 175, '2025-12-07 08:48:16', '2025-12-07 08:48:16'),
(66, 'JT-778', 2, 32, 1, '2025-12-22 18:10:00', '2025-12-22 19:55:00', 1450000.00, 'economy', 180, '2025-12-07 08:48:16', '2025-12-07 08:48:16'),
(67, 'QZ-7720', 3, 2, 1, '2025-12-22 19:25:00', '2025-12-22 21:15:00', 1920000.00, 'economy', 180, '2025-12-07 08:48:16', '2025-12-07 08:48:16'),
(68, 'QG-889', 4, 3, 1, '2025-12-22 20:40:00', '2025-12-22 22:25:00', 1580000.00, 'economy', 168, '2025-12-07 08:48:16', '2025-12-07 08:48:16'),
(69, 'BT-556', 5, 9, 1, '2025-12-22 21:55:00', '2025-12-23 00:05:00', 1980000.00, 'business', 155, '2025-12-07 08:48:16', '2025-12-07 08:48:16'),
(70, 'PK-667', 6, 21, 1, '2025-12-22 23:10:00', '2025-12-23 01:35:00', 2180000.00, 'economy', 172, '2025-12-07 08:48:16', '2025-12-07 08:48:16'),
(71, 'SQ-979', 7, 32, 1, '2025-12-23 00:20:00', '2025-12-23 02:05:00', 4400000.00, 'first', 125, '2025-12-07 08:48:16', '2025-12-07 08:48:16'),
(72, 'GA-411', 1, 1, 19, '2025-12-23 06:10:00', '2025-12-23 08:05:00', 1780000.00, 'economy', 180, '2025-12-07 08:48:16', '2025-12-07 08:48:16'),
(73, 'JT-223', 2, 1, 2, '2025-12-23 07:00:00', '2025-12-23 08:50:00', 1880000.00, 'economy', 178, '2025-12-07 08:48:16', '2025-12-07 08:48:16'),
(74, 'QZ-7560', 3, 1, 32, '2025-12-23 08:20:00', '2025-12-23 10:05:00', 1520000.00, 'economy', 180, '2025-12-07 08:48:16', '2025-12-07 08:48:16'),
(75, 'QG-334', 4, 1, 21, '2025-12-23 09:40:00', '2025-12-23 12:05:00', 2250000.00, 'business', 165, '2025-12-07 08:48:16', '2025-12-07 08:48:16'),
(76, 'BT-667', 5, 1, 3, '2025-12-23 11:00:00', '2025-12-23 12:45:00', 1650000.00, 'economy', 170, '2025-12-07 08:48:16', '2025-12-07 08:48:16'),
(77, 'PK-778', 6, 1, 9, '2025-12-23 12:50:00', '2025-12-23 15:00:00', 2080000.00, 'economy', 168, '2025-12-07 08:48:16', '2025-12-07 08:48:16'),
(79, 'GA-556', 1, 32, 1, '2025-12-23 17:10:00', '2025-12-23 18:55:00', 1480000.00, 'economy', 175, '2025-12-07 08:48:16', '2025-12-07 08:48:16'),
(80, 'JT-889', 2, 19, 1, '2025-12-23 18:30:00', '2025-12-23 20:25:00', 1550000.00, 'economy', 180, '2025-12-07 08:48:16', '2025-12-07 08:48:16'),
(81, 'QZ-7730', 3, 2, 1, '2025-12-23 19:45:00', '2025-12-23 21:35:00', 1950000.00, 'economy', 180, '2025-12-07 08:48:16', '2025-12-07 08:48:16'),
(82, 'QG-445', 4, 21, 1, '2025-12-23 21:00:00', '2025-12-23 23:25:00', 2200000.00, 'business', 160, '2025-12-07 08:48:16', '2025-12-07 08:48:16'),
(83, 'BT-778', 5, 3, 1, '2025-12-23 22:15:00', '2025-12-24 00:00:00', 1620000.00, 'economy', 168, '2025-12-07 08:48:16', '2025-12-07 08:48:16'),
(84, 'PK-223', 6, 9, 1, '2025-12-23 23:30:00', '2025-12-24 01:40:00', 2050000.00, 'economy', 172, '2025-12-07 08:48:16', '2025-12-07 08:48:16'),
(85, 'SQ-981', 7, 19, 1, '2025-12-24 00:45:00', '2025-12-24 02:40:00', 4200000.00, 'first', 120, '2025-12-07 08:48:16', '2025-12-07 08:48:16'),
(86, 'GA-514', 1, 1, 32, '2025-12-24 06:30:00', '2025-12-24 08:15:00', 1820000.00, 'economy', 180, '2025-12-07 08:48:16', '2025-12-07 08:48:16'),
(87, 'JT-445', 2, 1, 3, '2025-12-24 07:15:00', '2025-12-24 09:00:00', 1580000.00, 'economy', 178, '2025-12-07 08:48:16', '2025-12-07 08:48:16'),
(88, 'QZ-7740', 3, 1, 19, '2025-12-24 08:40:00', '2025-12-24 10:35:00', 1520000.00, 'economy', 180, '2025-12-07 08:48:16', '2025-12-07 08:48:16'),
(89, 'QG-556', 4, 1, 2, '2025-12-24 10:00:00', '2025-12-24 11:50:00', 1880000.00, 'economy', 165, '2025-12-07 08:48:16', '2025-12-07 08:48:16'),
(90, 'BT-889', 5, 1, 21, '2025-12-24 11:25:00', '2025-12-24 13:50:00', 2250000.00, 'business', 150, '2025-12-07 08:48:16', '2025-12-07 08:48:16'),
(91, 'PK-667', 6, 1, 9, '2025-12-24 12:55:00', '2025-12-24 15:05:00', 2050000.00, 'economy', 170, '2025-12-07 08:48:16', '2025-12-07 08:48:16'),
(92, 'SQ-982', 7, 1, 32, '2025-12-24 14:15:00', '2025-12-24 16:00:00', 4100000.00, 'business', 140, '2025-12-07 08:48:16', '2025-12-07 08:48:16'),
(93, 'GA-667', 1, 19, 1, '2025-12-24 16:45:00', '2025-12-24 18:40:00', 1750000.00, 'economy', 175, '2025-12-07 08:48:16', '2025-12-07 08:48:16'),
(94, 'JT-223', 2, 32, 1, '2025-12-24 18:00:00', '2025-12-24 19:45:00', 1450000.00, 'economy', 180, '2025-12-07 08:48:16', '2025-12-07 08:48:16'),
(95, 'QZ-7750', 3, 2, 1, '2025-12-24 19:15:00', '2025-12-24 21:05:00', 1920000.00, 'economy', 180, '2025-12-07 08:48:16', '2025-12-07 08:48:16'),
(96, 'QG-778', 4, 3, 1, '2025-12-24 20:30:00', '2025-12-24 22:15:00', 1580000.00, 'economy', 168, '2025-12-07 08:48:16', '2025-12-07 08:48:16'),
(97, 'BT-334', 5, 9, 1, '2025-12-24 21:45:00', '2025-12-24 23:55:00', 1980000.00, 'business', 155, '2025-12-07 08:48:16', '2025-12-07 08:48:16'),
(98, 'PK-889', 6, 21, 1, '2025-12-24 23:00:00', '2025-12-25 01:25:00', 2180000.00, 'economy', 172, '2025-12-07 08:48:16', '2025-12-07 08:48:16'),
(99, 'SQ-983', 7, 32, 1, '2025-12-25 00:10:00', '2025-12-25 01:55:00', 4400000.00, 'first', 125, '2025-12-07 08:48:16', '2025-12-07 08:48:16'),
(100, 'GA-625', 1, 1, 19, '2025-12-25 06:20:00', '2025-12-25 08:15:00', 1780000.00, 'economy', 180, '2025-12-07 08:48:16', '2025-12-07 08:48:16'),
(101, 'JT-556', 2, 1, 2, '2025-12-25 07:10:00', '2025-12-25 09:00:00', 1880000.00, 'economy', 178, '2025-12-07 08:48:16', '2025-12-07 08:48:16'),
(102, 'QZ-7570', 3, 1, 32, '2025-12-25 08:30:00', '2025-12-25 10:15:00', 1520000.00, 'economy', 180, '2025-12-07 08:48:16', '2025-12-07 08:48:16'),
(103, 'QG-667', 4, 1, 21, '2025-12-25 09:50:00', '2025-12-25 12:15:00', 2250000.00, 'business', 165, '2025-12-07 08:48:16', '2025-12-07 08:48:16'),
(104, 'BT-112', 5, 1, 3, '2025-12-25 11:20:00', '2025-12-25 13:05:00', 1650000.00, 'economy', 170, '2025-12-07 08:48:16', '2025-12-07 08:48:16'),
(105, 'PK-223', 6, 1, 9, '2025-12-25 13:00:00', '2025-12-25 15:10:00', 2080000.00, 'economy', 168, '2025-12-07 08:48:16', '2025-12-07 08:48:16'),
(106, 'SQ-984', 7, 1, 19, '2025-12-25 14:45:00', '2025-12-25 16:40:00', 3950000.00, 'business', 135, '2025-12-07 08:48:16', '2025-12-07 08:48:16'),
(107, 'GA-334', 1, 32, 1, '2025-12-25 17:30:00', '2025-12-25 19:15:00', 1480000.00, 'economy', 175, '2025-12-07 08:48:16', '2025-12-07 08:48:16'),
(108, 'JT-778', 2, 19, 1, '2025-12-25 18:40:00', '2025-12-25 20:35:00', 1550000.00, 'economy', 180, '2025-12-07 08:48:16', '2025-12-07 08:48:16'),
(109, 'QZ-7760', 3, 2, 1, '2025-12-25 19:55:00', '2025-12-25 21:45:00', 1950000.00, 'economy', 180, '2025-12-07 08:48:16', '2025-12-07 08:48:16'),
(110, 'QG-889', 4, 21, 1, '2025-12-25 21:10:00', '2025-12-25 23:35:00', 2200000.00, 'business', 160, '2025-12-07 08:48:16', '2025-12-07 08:48:16'),
(111, 'BT-445', 5, 3, 1, '2025-12-25 22:30:00', '2025-12-26 00:15:00', 1620000.00, 'economy', 168, '2025-12-07 08:48:16', '2025-12-07 08:48:16'),
(112, 'PK-556', 6, 9, 1, '2025-12-25 23:45:00', '2025-12-26 01:55:00', 2050000.00, 'economy', 172, '2025-12-07 08:48:16', '2025-12-07 08:48:16'),
(113, 'SQ-985', 7, 19, 1, '2025-12-26 01:00:00', '2025-12-26 02:55:00', 4200000.00, 'first', 120, '2025-12-07 08:48:16', '2025-12-07 08:48:16'),
(114, 'GA-309', 1, 1, 32, '2025-12-26 06:40:00', '2025-12-26 08:25:00', 1820000.00, 'economy', 180, '2025-12-07 08:48:16', '2025-12-07 08:48:16'),
(115, 'JT-667', 2, 1, 19, '2025-12-26 07:25:00', '2025-12-26 09:20:00', 1520000.00, 'economy', 178, '2025-12-07 08:48:16', '2025-12-07 08:48:16'),
(116, 'QZ-7770', 3, 1, 2, '2025-12-26 08:50:00', '2025-12-26 10:40:00', 1950000.00, 'economy', 180, '2025-12-07 08:48:16', '2025-12-07 08:48:16'),
(117, 'QG-223', 4, 1, 3, '2025-12-26 10:10:00', '2025-12-26 11:55:00', 1650000.00, 'economy', 165, '2025-12-07 08:48:16', '2025-12-07 08:48:16'),
(118, 'BT-556', 5, 1, 21, '2025-12-26 11:35:00', '2025-12-26 14:00:00', 2250000.00, 'business', 150, '2025-12-07 08:48:16', '2025-12-07 08:48:16'),
(119, 'PK-778', 6, 1, 9, '2025-12-26 13:05:00', '2025-12-26 15:15:00', 2080000.00, 'economy', 170, '2025-12-07 08:48:16', '2025-12-07 08:48:16'),
(120, 'SQ-986', 7, 1, 32, '2025-12-26 14:30:00', '2025-12-26 16:15:00', 4100000.00, 'business', 140, '2025-12-07 08:48:16', '2025-12-07 08:48:16'),
(121, 'GA-667', 1, 19, 1, '2025-12-26 16:55:00', '2025-12-26 18:50:00', 1750000.00, 'economy', 175, '2025-12-07 08:48:16', '2025-12-07 08:48:16'),
(122, 'JT-112', 2, 32, 1, '2025-12-26 18:10:00', '2025-12-26 19:55:00', 1450000.00, 'economy', 180, '2025-12-07 08:48:16', '2025-12-07 08:48:16'),
(123, 'QZ-7780', 3, 2, 1, '2025-12-26 19:25:00', '2025-12-26 21:15:00', 1920000.00, 'economy', 180, '2025-12-07 08:48:16', '2025-12-07 08:48:16'),
(124, 'QG-334', 4, 3, 1, '2025-12-26 20:40:00', '2025-12-26 22:25:00', 1580000.00, 'economy', 168, '2025-12-07 08:48:16', '2025-12-07 08:48:16'),
(125, 'BT-778', 5, 9, 1, '2025-12-26 21:55:00', '2025-12-27 00:05:00', 1980000.00, 'business', 155, '2025-12-07 08:48:16', '2025-12-07 08:48:16'),
(126, 'PK-889', 6, 21, 1, '2025-12-26 23:10:00', '2025-12-27 01:35:00', 2180000.00, 'economy', 172, '2025-12-07 08:48:16', '2025-12-07 08:48:16'),
(127, 'SQ-987', 7, 32, 1, '2025-12-27 00:20:00', '2025-12-27 02:05:00', 4400000.00, 'first', 125, '2025-12-07 08:48:16', '2025-12-07 08:48:16'),
(128, 'GA-412', 1, 1, 19, '2025-12-28 06:10:00', '2025-12-28 08:05:00', 1780000.00, 'economy', 180, '2025-12-07 08:51:39', '2025-12-07 08:51:39'),
(129, 'JT-334', 2, 1, 2, '2025-12-28 07:00:00', '2025-12-28 08:50:00', 1880000.00, 'economy', 178, '2025-12-07 08:51:39', '2025-12-07 08:51:39'),
(130, 'QZ-7580', 3, 1, 32, '2025-12-28 08:20:00', '2025-12-28 10:05:00', 1520000.00, 'economy', 180, '2025-12-07 08:51:39', '2025-12-07 08:51:39'),
(131, 'QG-445', 4, 1, 21, '2025-12-28 09:40:00', '2025-12-28 12:05:00', 2250000.00, 'business', 165, '2025-12-07 08:51:39', '2025-12-07 08:51:39'),
(132, 'BT-667', 5, 1, 3, '2025-12-28 11:00:00', '2025-12-28 12:45:00', 1650000.00, 'economy', 170, '2025-12-07 08:51:39', '2025-12-07 08:51:39'),
(133, 'PK-223', 6, 1, 9, '2025-12-28 12:50:00', '2025-12-28 15:00:00', 2080000.00, 'economy', 168, '2025-12-07 08:51:39', '2025-12-07 08:51:39'),
(134, 'SQ-988', 7, 1, 19, '2025-12-28 14:20:00', '2025-12-28 16:15:00', 3950000.00, 'business', 135, '2025-12-07 08:51:39', '2025-12-07 08:51:39'),
(135, 'GA-556', 1, 32, 1, '2025-12-28 17:10:00', '2025-12-28 18:55:00', 1480000.00, 'economy', 175, '2025-12-07 08:51:39', '2025-12-07 08:51:39'),
(136, 'JT-778', 2, 19, 1, '2025-12-28 18:30:00', '2025-12-28 20:25:00', 1550000.00, 'economy', 180, '2025-12-07 08:51:39', '2025-12-07 08:51:39'),
(137, 'QZ-7790', 3, 2, 1, '2025-12-28 19:45:00', '2025-12-28 21:35:00', 1950000.00, 'economy', 180, '2025-12-07 08:51:39', '2025-12-07 08:51:39'),
(138, 'QG-556', 4, 21, 1, '2025-12-28 21:00:00', '2025-12-28 23:25:00', 2200000.00, 'business', 160, '2025-12-07 08:51:39', '2025-12-07 08:51:39'),
(139, 'BT-889', 5, 3, 1, '2025-12-28 22:15:00', '2025-12-29 00:00:00', 1620000.00, 'economy', 168, '2025-12-07 08:51:39', '2025-12-07 08:51:39'),
(140, 'PK-334', 6, 9, 1, '2025-12-28 23:30:00', '2025-12-29 01:40:00', 2050000.00, 'economy', 172, '2025-12-07 08:51:39', '2025-12-07 08:51:39'),
(141, 'SQ-989', 7, 19, 1, '2025-12-29 00:45:00', '2025-12-29 02:40:00', 4200000.00, 'first', 120, '2025-12-07 08:51:39', '2025-12-07 08:51:39'),
(142, 'GA-515', 1, 1, 32, '2025-12-29 06:30:00', '2025-12-29 08:15:00', 1820000.00, 'economy', 180, '2025-12-07 08:51:39', '2025-12-07 08:51:39'),
(143, 'JT-445', 2, 1, 3, '2025-12-29 07:15:00', '2025-12-29 09:00:00', 1580000.00, 'economy', 178, '2025-12-07 08:51:39', '2025-12-07 08:51:39'),
(144, 'QZ-7800', 3, 1, 19, '2025-12-29 08:40:00', '2025-12-29 10:35:00', 1520000.00, 'economy', 180, '2025-12-07 08:51:39', '2025-12-07 08:51:39'),
(145, 'QG-667', 4, 1, 2, '2025-12-29 10:00:00', '2025-12-29 11:50:00', 1880000.00, 'economy', 165, '2025-12-07 08:51:39', '2025-12-07 08:51:39'),
(146, 'BT-223', 5, 1, 21, '2025-12-29 11:25:00', '2025-12-29 13:50:00', 2250000.00, 'business', 150, '2025-12-07 08:51:39', '2025-12-07 08:51:39'),
(147, 'PK-556', 6, 1, 9, '2025-12-29 12:55:00', '2025-12-29 15:05:00', 2050000.00, 'economy', 170, '2025-12-07 08:51:39', '2025-12-07 08:51:39'),
(148, 'SQ-990', 7, 1, 32, '2025-12-29 14:15:00', '2025-12-29 16:00:00', 4100000.00, 'business', 140, '2025-12-07 08:51:39', '2025-12-07 08:51:39'),
(149, 'GA-778', 1, 19, 1, '2025-12-29 16:45:00', '2025-12-29 18:40:00', 1750000.00, 'economy', 175, '2025-12-07 08:51:39', '2025-12-07 08:51:39'),
(150, 'JT-112', 2, 32, 1, '2025-12-29 18:00:00', '2025-12-29 19:45:00', 1450000.00, 'economy', 180, '2025-12-07 08:51:39', '2025-12-07 08:51:39'),
(151, 'QZ-7810', 3, 2, 1, '2025-12-29 19:15:00', '2025-12-29 21:05:00', 1920000.00, 'economy', 180, '2025-12-07 08:51:39', '2025-12-07 08:51:39'),
(152, 'QG-778', 4, 3, 1, '2025-12-29 20:30:00', '2025-12-29 22:15:00', 1580000.00, 'economy', 168, '2025-12-07 08:51:39', '2025-12-07 08:51:39'),
(153, 'BT-334', 5, 9, 1, '2025-12-29 21:45:00', '2025-12-29 23:55:00', 1980000.00, 'business', 155, '2025-12-07 08:51:39', '2025-12-07 08:51:39'),
(154, 'PK-667', 6, 21, 1, '2025-12-29 23:00:00', '2025-12-30 01:25:00', 2180000.00, 'economy', 172, '2025-12-07 08:51:39', '2025-12-07 08:51:39'),
(155, 'SQ-991', 7, 32, 1, '2025-12-30 00:10:00', '2025-12-30 01:55:00', 4400000.00, 'first', 125, '2025-12-07 08:51:39', '2025-12-07 08:51:39'),
(156, 'GA-626', 1, 1, 19, '2025-12-30 06:20:00', '2025-12-30 08:15:00', 1780000.00, 'economy', 180, '2025-12-07 08:51:39', '2025-12-07 08:51:39'),
(157, 'JT-556', 2, 1, 2, '2025-12-30 07:10:00', '2025-12-30 09:00:00', 1880000.00, 'economy', 178, '2025-12-07 08:51:39', '2025-12-07 08:51:39'),
(158, 'QZ-7590', 3, 1, 32, '2025-12-30 08:30:00', '2025-12-30 10:15:00', 1520000.00, 'economy', 180, '2025-12-07 08:51:39', '2025-12-07 08:51:39'),
(159, 'QG-889', 4, 1, 21, '2025-12-30 09:50:00', '2025-12-30 12:15:00', 2250000.00, 'business', 165, '2025-12-07 08:51:39', '2025-12-07 08:51:39'),
(160, 'BT-445', 5, 1, 3, '2025-12-30 11:20:00', '2025-12-30 13:05:00', 1650000.00, 'economy', 170, '2025-12-07 08:51:39', '2025-12-07 08:51:39'),
(161, 'PK-778', 6, 1, 9, '2025-12-30 13:00:00', '2025-12-30 15:10:00', 2080000.00, 'economy', 168, '2025-12-07 08:51:39', '2025-12-07 08:51:39'),
(162, 'SQ-992', 7, 1, 19, '2025-12-30 14:45:00', '2025-12-30 16:40:00', 3950000.00, 'business', 135, '2025-12-07 08:51:39', '2025-12-07 08:51:39'),
(163, 'GA-223', 1, 32, 1, '2025-12-30 17:30:00', '2025-12-30 19:15:00', 1480000.00, 'economy', 175, '2025-12-07 08:51:39', '2025-12-07 08:51:39'),
(164, 'JT-334', 2, 19, 1, '2025-12-30 18:40:00', '2025-12-30 20:35:00', 1550000.00, 'economy', 180, '2025-12-07 08:51:39', '2025-12-07 08:51:39'),
(165, 'QZ-7820', 3, 2, 1, '2025-12-30 19:55:00', '2025-12-30 21:45:00', 1950000.00, 'economy', 180, '2025-12-07 08:51:39', '2025-12-07 08:51:39'),
(166, 'QG-445', 4, 21, 1, '2025-12-30 21:10:00', '2025-12-30 23:35:00', 2200000.00, 'business', 160, '2025-12-07 08:51:39', '2025-12-07 08:51:39'),
(167, 'BT-556', 5, 3, 1, '2025-12-30 22:30:00', '2025-12-31 00:15:00', 1620000.00, 'economy', 168, '2025-12-07 08:51:39', '2025-12-07 08:51:39'),
(168, 'PK-889', 6, 9, 1, '2025-12-30 23:45:00', '2025-12-31 01:55:00', 2050000.00, 'economy', 172, '2025-12-07 08:51:39', '2025-12-07 08:51:39'),
(169, 'SQ-993', 7, 19, 1, '2025-12-31 01:00:00', '2025-12-31 02:55:00', 4500000.00, 'first', 120, '2025-12-07 08:51:39', '2025-12-07 08:51:39'),
(170, 'GA-310', 1, 1, 32, '2025-12-31 06:40:00', '2025-12-31 08:25:00', 1920000.00, 'economy', 180, '2025-12-07 08:51:39', '2025-12-07 08:51:39'),
(171, 'JT-667', 2, 1, 19, '2025-12-31 07:25:00', '2025-12-31 09:20:00', 1620000.00, 'economy', 178, '2025-12-07 08:51:39', '2025-12-07 08:51:39'),
(172, 'QZ-7830', 3, 1, 2, '2025-12-31 08:50:00', '2025-12-31 10:40:00', 2050000.00, 'economy', 180, '2025-12-07 08:51:39', '2025-12-07 08:51:39'),
(173, 'QG-556', 4, 1, 3, '2025-12-31 10:10:00', '2025-12-31 11:55:00', 1750000.00, 'economy', 165, '2025-12-07 08:51:39', '2025-12-07 08:51:39'),
(174, 'BT-778', 5, 1, 21, '2025-12-31 11:35:00', '2025-12-31 14:00:00', 2350000.00, 'business', 150, '2025-12-07 08:51:39', '2025-12-07 08:51:39'),
(175, 'PK-334', 6, 1, 9, '2025-12-31 13:05:00', '2025-12-31 15:15:00', 2180000.00, 'economy', 170, '2025-12-07 08:51:39', '2025-12-07 08:51:39'),
(176, 'SQ-994', 7, 1, 32, '2025-12-31 14:30:00', '2025-12-31 16:15:00', 4200000.00, 'business', 140, '2025-12-07 08:51:39', '2025-12-07 08:51:39'),
(177, 'GA-667', 1, 19, 1, '2025-12-31 16:55:00', '2025-12-31 18:50:00', 1850000.00, 'economy', 175, '2025-12-07 08:51:39', '2025-12-07 08:51:39'),
(178, 'JT-223', 2, 32, 1, '2025-12-31 18:10:00', '2025-12-31 19:55:00', 1550000.00, 'economy', 180, '2025-12-07 08:51:39', '2025-12-07 08:51:39'),
(179, 'QZ-7840', 3, 2, 1, '2025-12-31 19:25:00', '2025-12-31 21:15:00', 2020000.00, 'economy', 180, '2025-12-07 08:51:39', '2025-12-07 08:51:39'),
(180, 'QG-667', 4, 3, 1, '2025-12-31 20:40:00', '2025-12-31 22:25:00', 1680000.00, 'economy', 168, '2025-12-07 08:51:39', '2025-12-07 08:51:39'),
(181, 'BT-889', 5, 9, 1, '2025-12-31 21:55:00', '2026-01-01 00:05:00', 2080000.00, 'business', 155, '2025-12-07 08:51:39', '2025-12-07 08:51:39'),
(182, 'PK-445', 6, 21, 1, '2025-12-31 23:10:00', '2026-01-01 01:35:00', 2280000.00, 'economy', 172, '2025-12-07 08:51:39', '2025-12-07 08:51:39'),
(183, 'SQ-995', 7, 32, 1, '2026-01-01 00:20:00', '2026-01-01 02:05:00', 4600000.00, 'first', 120, '2025-12-07 08:51:39', '2025-12-07 08:51:39'),
(184, 'GA-413', 1, 1, 19, '2026-01-01 06:10:00', '2026-01-01 08:05:00', 1880000.00, 'economy', 180, '2025-12-07 08:51:39', '2025-12-07 08:51:39'),
(185, 'JT-556', 2, 1, 2, '2026-01-01 07:00:00', '2026-01-01 08:50:00', 1980000.00, 'economy', 178, '2025-12-07 08:51:39', '2025-12-07 08:51:39'),
(186, 'QZ-7600', 3, 1, 32, '2026-01-01 08:20:00', '2026-01-01 10:05:00', 1620000.00, 'economy', 180, '2025-12-07 08:51:39', '2025-12-07 08:51:39'),
(187, 'QG-778', 4, 1, 21, '2026-01-01 09:40:00', '2026-01-01 12:05:00', 2350000.00, 'business', 165, '2025-12-07 08:51:39', '2025-12-07 08:51:39'),
(188, 'BT-112', 5, 1, 3, '2026-01-01 11:00:00', '2026-01-01 12:45:00', 1750000.00, 'economy', 170, '2025-12-07 08:51:39', '2025-12-07 08:51:39'),
(189, 'PK-556', 6, 1, 9, '2026-01-01 12:50:00', '2026-01-01 15:00:00', 2180000.00, 'economy', 168, '2025-12-07 08:51:39', '2025-12-07 08:51:39'),
(190, 'SQ-996', 7, 1, 19, '2026-01-01 14:20:00', '2026-01-01 16:15:00', 4050000.00, 'business', 135, '2025-12-07 08:51:39', '2025-12-07 08:51:39'),
(191, 'GA-889', 1, 32, 1, '2026-01-01 17:10:00', '2026-01-01 18:55:00', 1580000.00, 'economy', 175, '2025-12-07 08:51:39', '2025-12-07 08:51:39'),
(192, 'JT-334', 2, 19, 1, '2026-01-01 18:30:00', '2026-01-01 20:25:00', 1650000.00, 'economy', 180, '2025-12-07 08:51:39', '2025-12-07 08:51:39'),
(193, 'QZ-7850', 3, 2, 1, '2026-01-01 19:45:00', '2026-01-01 21:35:00', 2120000.00, 'economy', 180, '2025-12-07 08:51:39', '2025-12-07 08:51:39'),
(194, 'QG-223', 4, 21, 1, '2026-01-01 21:00:00', '2026-01-01 23:25:00', 2300000.00, 'business', 160, '2025-12-07 08:51:39', '2025-12-07 08:51:39'),
(195, 'BT-445', 5, 3, 1, '2026-01-01 22:15:00', '2026-01-02 00:00:00', 1720000.00, 'economy', 168, '2025-12-07 08:51:39', '2025-12-07 08:51:39'),
(196, 'PK-667', 6, 9, 1, '2026-01-01 23:30:00', '2026-01-02 01:40:00', 2150000.00, 'economy', 172, '2025-12-07 08:51:39', '2025-12-07 08:51:39'),
(197, 'SQ-997', 7, 19, 1, '2026-01-02 00:45:00', '2026-01-02 02:40:00', 4300000.00, 'first', 120, '2025-12-07 08:51:39', '2025-12-07 08:51:39'),
(198, 'GA-516', 1, 1, 32, '2026-01-02 06:30:00', '2026-01-02 08:15:00', 1920000.00, 'economy', 180, '2025-12-07 08:51:39', '2025-12-07 08:51:39'),
(199, 'JT-778', 2, 1, 3, '2026-01-02 07:15:00', '2026-01-02 09:00:00', 1680000.00, 'economy', 178, '2025-12-07 08:51:39', '2025-12-07 08:51:39'),
(200, 'QZ-7860', 3, 1, 19, '2026-01-02 08:40:00', '2026-01-02 10:35:00', 1620000.00, 'economy', 180, '2025-12-07 08:51:39', '2025-12-07 08:51:39'),
(201, 'QG-334', 4, 1, 2, '2026-01-02 10:00:00', '2026-01-02 11:50:00', 1980000.00, 'economy', 165, '2025-12-07 08:51:39', '2025-12-07 08:51:39'),
(202, 'BT-556', 5, 1, 21, '2026-01-02 11:25:00', '2026-01-02 13:50:00', 2350000.00, 'business', 150, '2025-12-07 08:51:39', '2025-12-07 08:51:39'),
(203, 'PK-778', 6, 1, 9, '2026-01-02 12:55:00', '2026-01-02 15:05:00', 2150000.00, 'economy', 170, '2025-12-07 08:51:39', '2025-12-07 08:51:39'),
(204, 'SQ-998', 7, 1, 32, '2026-01-02 14:15:00', '2026-01-02 16:00:00', 4200000.00, 'business', 140, '2025-12-07 08:51:39', '2025-12-07 08:51:39'),
(205, 'GA-334', 1, 19, 1, '2026-01-02 16:45:00', '2026-01-02 18:40:00', 1850000.00, 'economy', 175, '2025-12-07 08:51:39', '2025-12-07 08:51:39'),
(206, 'JT-445', 2, 32, 1, '2026-01-02 18:00:00', '2026-01-02 19:45:00', 1550000.00, 'economy', 180, '2025-12-07 08:51:39', '2025-12-07 08:51:39'),
(207, 'QZ-7870', 3, 2, 1, '2026-01-02 19:15:00', '2026-01-02 21:05:00', 2020000.00, 'economy', 180, '2025-12-07 08:51:39', '2025-12-07 08:51:39'),
(208, 'QG-445', 4, 3, 1, '2026-01-02 20:30:00', '2026-01-02 22:15:00', 1680000.00, 'economy', 168, '2025-12-07 08:51:39', '2025-12-07 08:51:39'),
(209, 'BT-667', 5, 9, 1, '2026-01-02 21:45:00', '2026-01-02 23:55:00', 2080000.00, 'business', 155, '2025-12-07 08:51:39', '2025-12-07 08:51:39'),
(210, 'PK-889', 6, 21, 1, '2026-01-02 23:00:00', '2026-01-03 01:25:00', 2280000.00, 'economy', 172, '2025-12-07 08:51:39', '2025-12-07 08:51:39'),
(211, 'SQ-999', 7, 32, 1, '2026-01-03 00:10:00', '2026-01-03 01:55:00', 4600000.00, 'first', 125, '2025-12-07 08:51:39', '2025-12-07 08:51:39'),
(212, 'GA-627', 1, 1, 19, '2026-01-03 06:20:00', '2026-01-03 08:15:00', 1880000.00, 'economy', 180, '2025-12-07 08:51:39', '2025-12-07 08:51:39'),
(213, 'JT-223', 2, 1, 2, '2026-01-03 07:10:00', '2026-01-03 09:00:00', 1980000.00, 'economy', 178, '2025-12-07 08:51:39', '2025-12-07 08:51:39'),
(214, 'QZ-7610', 3, 1, 32, '2026-01-03 08:30:00', '2026-01-03 10:15:00', 1620000.00, 'economy', 180, '2025-12-07 08:51:39', '2025-12-07 08:51:39'),
(215, 'QG-556', 4, 1, 21, '2026-01-03 09:50:00', '2026-01-03 12:15:00', 2350000.00, 'business', 165, '2025-12-07 08:51:39', '2025-12-07 08:51:39'),
(216, 'BT-778', 5, 1, 3, '2026-01-03 11:20:00', '2026-01-03 13:05:00', 1750000.00, 'economy', 170, '2025-12-07 08:51:39', '2025-12-07 08:51:39'),
(217, 'PK-334', 6, 1, 9, '2026-01-03 13:00:00', '2026-01-03 15:10:00', 2180000.00, 'economy', 168, '2025-12-07 08:51:39', '2025-12-07 08:51:39'),
(218, 'SQ-1000', 7, 1, 19, '2026-01-03 14:45:00', '2026-01-03 16:40:00', 4050000.00, 'business', 135, '2025-12-07 08:51:39', '2025-12-07 08:51:39'),
(219, 'GA-445', 1, 32, 1, '2026-01-03 17:30:00', '2026-01-03 19:15:00', 1580000.00, 'economy', 175, '2025-12-07 08:51:39', '2025-12-07 08:51:39'),
(220, 'JT-556', 2, 19, 1, '2026-01-03 18:40:00', '2026-01-03 20:35:00', 1650000.00, 'economy', 180, '2025-12-07 08:51:39', '2025-12-07 08:51:39'),
(221, 'QZ-7880', 3, 2, 1, '2026-01-03 19:55:00', '2026-01-03 21:45:00', 2120000.00, 'economy', 180, '2025-12-07 08:51:39', '2025-12-07 08:51:39'),
(222, 'QG-667', 4, 21, 1, '2026-01-03 21:10:00', '2026-01-03 23:35:00', 2300000.00, 'business', 160, '2025-12-07 08:51:39', '2025-12-07 08:51:39'),
(223, 'BT-889', 5, 3, 1, '2026-01-03 22:30:00', '2026-01-04 00:15:00', 1720000.00, 'economy', 168, '2025-12-07 08:51:39', '2025-12-07 08:51:39'),
(224, 'PK-445', 6, 9, 1, '2026-01-03 23:45:00', '2026-01-04 01:55:00', 2150000.00, 'economy', 172, '2025-12-07 08:51:39', '2025-12-07 08:51:39'),
(225, 'SQ-1001', 7, 19, 1, '2026-01-04 01:00:00', '2026-01-04 02:55:00', 4300000.00, 'first', 120, '2025-12-07 08:51:39', '2025-12-07 08:51:39'),
(226, 'GA-517', 1, 1, 32, '2026-01-04 06:30:00', '2026-01-04 08:15:00', 1920000.00, 'economy', 180, '2025-12-07 08:51:39', '2025-12-07 08:51:39'),
(227, 'JT-667', 2, 1, 3, '2026-01-04 07:15:00', '2026-01-04 09:00:00', 1680000.00, 'economy', 178, '2025-12-07 08:51:39', '2025-12-07 08:51:39'),
(228, 'QZ-7890', 3, 1, 19, '2026-01-04 08:40:00', '2026-01-04 10:35:00', 1620000.00, 'economy', 180, '2025-12-07 08:51:39', '2025-12-07 08:51:39'),
(229, 'QG-778', 4, 1, 2, '2026-01-04 10:00:00', '2026-01-04 11:50:00', 1980000.00, 'economy', 165, '2025-12-07 08:51:39', '2025-12-07 08:51:39'),
(230, 'BT-223', 5, 1, 21, '2026-01-04 11:25:00', '2026-01-04 13:50:00', 2350000.00, 'business', 150, '2025-12-07 08:51:39', '2025-12-07 08:51:39'),
(231, 'PK-556', 6, 1, 9, '2026-01-04 12:55:00', '2026-01-04 15:05:00', 2150000.00, 'economy', 170, '2025-12-07 08:51:39', '2025-12-07 08:51:39'),
(232, 'SQ-1002', 7, 1, 32, '2026-01-04 14:15:00', '2026-01-04 16:00:00', 4200000.00, 'business', 140, '2025-12-07 08:51:39', '2025-12-07 08:51:39'),
(233, 'GA-556', 1, 19, 1, '2026-01-04 16:45:00', '2026-01-04 18:40:00', 1850000.00, 'economy', 175, '2025-12-07 08:51:39', '2025-12-07 08:51:39'),
(234, 'JT-778', 2, 32, 1, '2026-01-04 18:00:00', '2026-01-04 19:45:00', 1550000.00, 'economy', 180, '2025-12-07 08:51:39', '2025-12-07 08:51:39'),
(235, 'QZ-7900', 3, 2, 1, '2026-01-04 19:15:00', '2026-01-04 21:05:00', 2020000.00, 'economy', 180, '2025-12-07 08:51:39', '2025-12-07 08:51:39'),
(236, 'QG-889', 4, 3, 1, '2026-01-04 20:30:00', '2026-01-04 22:15:00', 1680000.00, 'economy', 168, '2025-12-07 08:51:39', '2025-12-07 08:51:39'),
(237, 'BT-334', 5, 9, 1, '2026-01-04 21:45:00', '2026-01-04 23:55:00', 2080000.00, 'business', 155, '2025-12-07 08:51:39', '2025-12-07 08:51:39'),
(238, 'PK-667', 6, 21, 1, '2026-01-04 23:00:00', '2026-01-05 01:25:00', 2280000.00, 'economy', 172, '2025-12-07 08:51:39', '2025-12-07 08:51:39'),
(239, 'SQ-1003', 7, 32, 1, '2026-01-05 00:10:00', '2026-01-05 01:55:00', 4600000.00, 'first', 125, '2025-12-07 08:51:39', '2025-12-07 08:51:39'),
(240, 'GA-628', 1, 1, 19, '2026-01-05 06:20:00', '2026-01-05 08:15:00', 1880000.00, 'economy', 180, '2025-12-07 08:51:39', '2025-12-07 08:51:39'),
(241, 'JT-112', 2, 1, 2, '2026-01-05 07:10:00', '2026-01-05 09:00:00', 1980000.00, 'economy', 178, '2025-12-07 08:51:39', '2025-12-07 08:51:39'),
(242, 'QZ-7620', 3, 1, 32, '2026-01-05 08:30:00', '2026-01-05 10:15:00', 1620000.00, 'economy', 180, '2025-12-07 08:51:39', '2025-12-07 08:51:39'),
(243, 'QG-223', 4, 1, 21, '2026-01-05 09:50:00', '2026-01-05 12:15:00', 2350000.00, 'business', 165, '2025-12-07 08:51:39', '2025-12-07 08:51:39'),
(244, 'BT-445', 5, 1, 3, '2026-01-05 11:20:00', '2026-01-05 13:05:00', 1750000.00, 'economy', 170, '2025-12-07 08:51:39', '2025-12-07 08:51:39'),
(245, 'PK-778', 6, 1, 9, '2026-01-05 13:00:00', '2026-01-05 15:10:00', 2180000.00, 'economy', 168, '2025-12-07 08:51:39', '2025-12-07 08:51:39'),
(246, 'SQ-1004', 7, 1, 19, '2026-01-05 14:45:00', '2026-01-05 16:40:00', 4050000.00, 'business', 135, '2025-12-07 08:51:39', '2025-12-07 08:51:39'),
(247, 'GA-667', 1, 32, 1, '2026-01-05 17:30:00', '2026-01-05 19:15:00', 1580000.00, 'economy', 175, '2025-12-07 08:51:39', '2025-12-07 08:51:39'),
(248, 'JT-334', 2, 19, 1, '2026-01-05 18:40:00', '2026-01-05 20:35:00', 1650000.00, 'economy', 180, '2025-12-07 08:51:39', '2025-12-07 08:51:39'),
(249, 'QZ-7910', 3, 2, 1, '2026-01-05 19:55:00', '2026-01-05 21:45:00', 2120000.00, 'economy', 180, '2025-12-07 08:51:39', '2025-12-07 08:51:39'),
(250, 'QG-334', 4, 21, 1, '2026-01-05 21:10:00', '2026-01-05 23:35:00', 2300000.00, 'business', 160, '2025-12-07 08:51:39', '2025-12-07 08:51:39'),
(251, 'BT-556', 5, 3, 1, '2026-01-05 22:30:00', '2026-01-06 00:15:00', 1720000.00, 'economy', 168, '2025-12-07 08:51:39', '2025-12-07 08:51:39'),
(252, 'PK-889', 6, 9, 1, '2026-01-05 23:45:00', '2026-01-06 01:55:00', 2150000.00, 'economy', 172, '2025-12-07 08:51:39', '2025-12-07 08:51:39'),
(253, 'SQ-1005', 7, 19, 1, '2026-01-06 01:00:00', '2026-01-06 02:55:00', 4300000.00, 'first', 120, '2025-12-07 08:51:39', '2025-12-07 08:51:39');

-- --------------------------------------------------------

--
-- Table structure for table `jobs`
--

CREATE TABLE `jobs` (
  `id` bigint(20) UNSIGNED NOT NULL,
  `queue` varchar(255) NOT NULL,
  `payload` longtext NOT NULL,
  `attempts` tinyint(3) UNSIGNED NOT NULL,
  `reserved_at` int(10) UNSIGNED DEFAULT NULL,
  `available_at` int(10) UNSIGNED NOT NULL,
  `created_at` int(10) UNSIGNED NOT NULL
) ENGINE=InnoDB DEFAULT CHARSET=utf8mb4 COLLATE=utf8mb4_unicode_ci;

-- --------------------------------------------------------

--
-- Table structure for table `job_batches`
--

CREATE TABLE `job_batches` (
  `id` varchar(255) NOT NULL,
  `name` varchar(255) NOT NULL,
  `total_jobs` int(11) NOT NULL,
  `pending_jobs` int(11) NOT NULL,
  `failed_jobs` int(11) NOT NULL,
  `failed_job_ids` longtext NOT NULL,
  `options` mediumtext DEFAULT NULL,
  `cancelled_at` int(11) DEFAULT NULL,
  `created_at` int(11) NOT NULL,
  `finished_at` int(11) DEFAULT NULL
) ENGINE=InnoDB DEFAULT CHARSET=utf8mb4 COLLATE=utf8mb4_unicode_ci;

-- --------------------------------------------------------

--
-- Table structure for table `migrations`
--

CREATE TABLE `migrations` (
  `id` int(10) UNSIGNED NOT NULL,
  `migration` varchar(255) NOT NULL,
  `batch` int(11) NOT NULL
) ENGINE=InnoDB DEFAULT CHARSET=utf8mb4 COLLATE=utf8mb4_unicode_ci;

--
-- Dumping data for table `migrations`
--

INSERT INTO `migrations` (`id`, `migration`, `batch`) VALUES
(1, '0001_01_01_000000_create_users_table', 1),
(2, '0001_01_01_000001_create_cache_table', 1),
(3, '0001_01_01_000002_create_jobs_table', 1),
(4, '2025_12_06_085850_create_airlines_table', 1),
(5, '2025_12_06_085909_create_airports_table', 1),
(6, '2025_12_06_085925_create_flights_table', 1),
(7, '2025_12_06_085938_create_bookings_table', 1),
(8, '2025_12_06_090004_create_passengers_table', 1);

-- --------------------------------------------------------

--
-- Table structure for table `passengers`
--

CREATE TABLE `passengers` (
  `id` bigint(20) UNSIGNED NOT NULL,
  `booking_id` bigint(20) UNSIGNED NOT NULL,
  `title` enum('Mr','Mrs','Ms','Miss','Mstr') NOT NULL,
  `first_name` varchar(255) NOT NULL,
  `last_name` varchar(255) DEFAULT NULL,
  `date_of_birth` date NOT NULL,
  `nationality` varchar(255) NOT NULL,
  `passport_number` varchar(255) DEFAULT NULL,
  `created_at` timestamp NULL DEFAULT NULL,
  `updated_at` timestamp NULL DEFAULT NULL
) ENGINE=InnoDB DEFAULT CHARSET=utf8mb4 COLLATE=utf8mb4_unicode_ci;

-- --------------------------------------------------------

--
-- Table structure for table `password_reset_tokens`
--

CREATE TABLE `password_reset_tokens` (
  `email` varchar(255) NOT NULL,
  `token` varchar(255) NOT NULL,
  `created_at` timestamp NULL DEFAULT NULL
) ENGINE=InnoDB DEFAULT CHARSET=utf8mb4 COLLATE=utf8mb4_unicode_ci;

-- --------------------------------------------------------

--
-- Table structure for table `sessions`
--

CREATE TABLE `sessions` (
  `id` varchar(255) NOT NULL,
  `user_id` bigint(20) UNSIGNED DEFAULT NULL,
  `ip_address` varchar(45) DEFAULT NULL,
  `user_agent` text DEFAULT NULL,
  `payload` longtext NOT NULL,
  `last_activity` int(11) NOT NULL
) ENGINE=InnoDB DEFAULT CHARSET=utf8mb4 COLLATE=utf8mb4_unicode_ci;

--
-- Dumping data for table `sessions`
--

INSERT INTO `sessions` (`id`, `user_id`, `ip_address`, `user_agent`, `payload`, `last_activity`) VALUES
('jdR828bgOrrdi276p6rzAo6NjGNjBAyv2CgVYqfr', 5, '127.0.0.1', 'Mozilla/5.0 (Windows NT 10.0; Win64; x64) AppleWebKit/537.36 (KHTML, like Gecko) Chrome/142.0.0.0 Safari/537.36', 'YTo0OntzOjY6Il90b2tlbiI7czo0MDoiN3BrcHptOTIyMEhndjlFdmdTVkxYb0pzbGdJdzJSNkN2WUVDQmUwNyI7czo2OiJfZmxhc2giO2E6Mjp7czozOiJvbGQiO2E6MDp7fXM6MzoibmV3IjthOjA6e319czo5OiJfcHJldmlvdXMiO2E6MTp7czozOiJ1cmwiO3M6OTg6Imh0dHA6Ly8xMjcuMC4wLjE6ODAwMC9zZWFyY2g/ZGF0ZT0yMDI1LTEyLTIwJmRlc3RpbmF0aW9uPTImb3JpZ2luPTEmcGFzc2VuZ2Vycz0xJnRyaXBfdHlwZT1vbmVfd2F5Ijt9czo1MDoibG9naW5fd2ViXzU5YmEzNmFkZGMyYjJmOTQwMTU4MGYwMTRjN2Y1OGVhNGUzMDk4OWQiO2k6NTt9', 1765110570);

-- --------------------------------------------------------

--
-- Table structure for table `users`
--

CREATE TABLE `users` (
  `id` bigint(20) UNSIGNED NOT NULL,
  `name` varchar(255) NOT NULL,
  `email` varchar(255) NOT NULL,
  `phone` varchar(255) DEFAULT NULL,
  `role` enum('user','admin') NOT NULL DEFAULT 'user',
  `email_verified_at` timestamp NULL DEFAULT NULL,
  `password` varchar(255) NOT NULL,
  `remember_token` varchar(100) DEFAULT NULL,
  `created_at` timestamp NULL DEFAULT NULL,
  `updated_at` timestamp NULL DEFAULT NULL
) ENGINE=InnoDB DEFAULT CHARSET=utf8mb4 COLLATE=utf8mb4_unicode_ci;

--
-- Dumping data for table `users`
--

INSERT INTO `users` (`id`, `name`, `email`, `phone`, `role`, `email_verified_at`, `password`, `remember_token`, `created_at`, `updated_at`) VALUES
(1, 'Super Admin', 'admin@agoda.com', '081234567890', 'admin', NULL, '$2y$12$aTIWUbr4.n3VLq.Q3QdiS.TLg8ACjvZ.V4/zIeekpZviNfzcnp0Qa', NULL, '2025-12-06 02:05:36', '2025-12-06 02:05:36'),
(2, 'User Test', 'user@agoda.com', '089876543210', 'user', NULL, '$2y$12$dS8evDqdnbi55d2fS2WdW.plvk6Qan9C0gdtcMFlg2Wiz7YYFupMG', NULL, '2025-12-06 02:05:37', '2025-12-06 02:05:37'),
(3, 'rommy', 'rommy@gmail.com', NULL, 'user', NULL, '$2y$12$bUyl3l0knDZx3/gTVBM7fu.orz54wxtJjKoqG9/rTPxKoBwsxQmd6', NULL, '2025-12-06 04:38:14', '2025-12-06 04:38:14'),
(4, 'rommyy', 'rommyy@gmail.com', NULL, 'user', NULL, '$2y$12$zpzAf3QSGMhXiIMCZNxNKurWGlalFtzQm5drOOQ2RyQIibp7rvD3G', NULL, '2025-12-06 04:49:40', '2025-12-06 04:49:40'),
(5, 'ronal', 'ronal@gmail.com', NULL, 'user', NULL, '$2y$12$4nfxwGZ7A4Z6BY.ydheoUO4f2.vHzU7r3F.SL60XRPpyb5tRX6G..', NULL, '2025-12-07 02:25:10', '2025-12-07 02:25:10');

--
-- Indexes for dumped tables
--

--
-- Indexes for table `airlines`
--
ALTER TABLE `airlines`
  ADD PRIMARY KEY (`id`),
  ADD UNIQUE KEY `airlines_code_unique` (`code`);

--
-- Indexes for table `airports`
--
ALTER TABLE `airports`
  ADD PRIMARY KEY (`id`),
  ADD UNIQUE KEY `airports_iata_code_unique` (`iata_code`);

--
-- Indexes for table `bookings`
--
ALTER TABLE `bookings`
  ADD PRIMARY KEY (`id`),
  ADD UNIQUE KEY `bookings_booking_code_unique` (`booking_code`),
  ADD KEY `bookings_user_id_foreign` (`user_id`),
  ADD KEY `bookings_flight_id_foreign` (`flight_id`);

--
-- Indexes for table `cache`
--
ALTER TABLE `cache`
  ADD PRIMARY KEY (`key`);

--
-- Indexes for table `cache_locks`
--
ALTER TABLE `cache_locks`
  ADD PRIMARY KEY (`key`);

--
-- Indexes for table `failed_jobs`
--
ALTER TABLE `failed_jobs`
  ADD PRIMARY KEY (`id`),
  ADD UNIQUE KEY `failed_jobs_uuid_unique` (`uuid`);

--
-- Indexes for table `flights`
--
ALTER TABLE `flights`
  ADD PRIMARY KEY (`id`),
  ADD KEY `flights_airline_id_foreign` (`airline_id`),
  ADD KEY `flights_origin_airport_id_foreign` (`origin_airport_id`),
  ADD KEY `flights_destination_airport_id_foreign` (`destination_airport_id`);

--
-- Indexes for table `jobs`
--
ALTER TABLE `jobs`
  ADD PRIMARY KEY (`id`),
  ADD KEY `jobs_queue_index` (`queue`);

--
-- Indexes for table `job_batches`
--
ALTER TABLE `job_batches`
  ADD PRIMARY KEY (`id`);

--
-- Indexes for table `migrations`
--
ALTER TABLE `migrations`
  ADD PRIMARY KEY (`id`);

--
-- Indexes for table `passengers`
--
ALTER TABLE `passengers`
  ADD PRIMARY KEY (`id`),
  ADD KEY `passengers_booking_id_foreign` (`booking_id`);

--
-- Indexes for table `password_reset_tokens`
--
ALTER TABLE `password_reset_tokens`
  ADD PRIMARY KEY (`email`);

--
-- Indexes for table `sessions`
--
ALTER TABLE `sessions`
  ADD PRIMARY KEY (`id`),
  ADD KEY `sessions_user_id_index` (`user_id`),
  ADD KEY `sessions_last_activity_index` (`last_activity`);

--
-- Indexes for table `users`
--
ALTER TABLE `users`
  ADD PRIMARY KEY (`id`),
  ADD UNIQUE KEY `users_email_unique` (`email`);

--
-- AUTO_INCREMENT for dumped tables
--

--
-- AUTO_INCREMENT for table `airlines`
--
ALTER TABLE `airlines`
  MODIFY `id` bigint(20) UNSIGNED NOT NULL AUTO_INCREMENT, AUTO_INCREMENT=8;

--
-- AUTO_INCREMENT for table `airports`
--
ALTER TABLE `airports`
  MODIFY `id` bigint(20) UNSIGNED NOT NULL AUTO_INCREMENT, AUTO_INCREMENT=38;

--
-- AUTO_INCREMENT for table `bookings`
--
ALTER TABLE `bookings`
  MODIFY `id` bigint(20) UNSIGNED NOT NULL AUTO_INCREMENT;

--
-- AUTO_INCREMENT for table `failed_jobs`
--
ALTER TABLE `failed_jobs`
  MODIFY `id` bigint(20) UNSIGNED NOT NULL AUTO_INCREMENT;

--
-- AUTO_INCREMENT for table `flights`
--
ALTER TABLE `flights`
  MODIFY `id` bigint(20) UNSIGNED NOT NULL AUTO_INCREMENT, AUTO_INCREMENT=254;

--
-- AUTO_INCREMENT for table `jobs`
--
ALTER TABLE `jobs`
  MODIFY `id` bigint(20) UNSIGNED NOT NULL AUTO_INCREMENT;

--
-- AUTO_INCREMENT for table `migrations`
--
ALTER TABLE `migrations`
  MODIFY `id` int(10) UNSIGNED NOT NULL AUTO_INCREMENT, AUTO_INCREMENT=9;

--
-- AUTO_INCREMENT for table `passengers`
--
ALTER TABLE `passengers`
  MODIFY `id` bigint(20) UNSIGNED NOT NULL AUTO_INCREMENT;

--
-- AUTO_INCREMENT for table `users`
--
ALTER TABLE `users`
  MODIFY `id` bigint(20) UNSIGNED NOT NULL AUTO_INCREMENT, AUTO_INCREMENT=6;

--
-- Constraints for dumped tables
--

--
-- Constraints for table `bookings`
--
ALTER TABLE `bookings`
  ADD CONSTRAINT `bookings_flight_id_foreign` FOREIGN KEY (`flight_id`) REFERENCES `flights` (`id`) ON DELETE CASCADE,
  ADD CONSTRAINT `bookings_user_id_foreign` FOREIGN KEY (`user_id`) REFERENCES `users` (`id`) ON DELETE CASCADE;

--
-- Constraints for table `flights`
--
ALTER TABLE `flights`
  ADD CONSTRAINT `flights_airline_id_foreign` FOREIGN KEY (`airline_id`) REFERENCES `airlines` (`id`) ON DELETE CASCADE,
  ADD CONSTRAINT `flights_destination_airport_id_foreign` FOREIGN KEY (`destination_airport_id`) REFERENCES `airports` (`id`) ON DELETE CASCADE,
  ADD CONSTRAINT `flights_origin_airport_id_foreign` FOREIGN KEY (`origin_airport_id`) REFERENCES `airports` (`id`) ON DELETE CASCADE;

--
-- Constraints for table `passengers`
--
ALTER TABLE `passengers`
  ADD CONSTRAINT `passengers_booking_id_foreign` FOREIGN KEY (`booking_id`) REFERENCES `bookings` (`id`) ON DELETE CASCADE;
COMMIT;

/*!40101 SET CHARACTER_SET_CLIENT=@OLD_CHARACTER_SET_CLIENT */;
/*!40101 SET CHARACTER_SET_RESULTS=@OLD_CHARACTER_SET_RESULTS */;
/*!40101 SET COLLATION_CONNECTION=@OLD_COLLATION_CONNECTION */;
